estimator	T	N	order	time
gcmi	1000	50	3	6.686734437942505
gcmi	1000	50	4	113.17065095901489
gcmi	1000	50	5	1554.015912771225
