estimator	T	N	order	time
HOI__gcmi	1000	50	3	8.8088538646698
HOI__gcmi	1000	50	4	167.4967803955078
HOI__gcmi	1000	50	5	2183.7674560546875
