estimator	T	N	order	time
HOI__lin_est	1000	50	3	17.186988592147827
HOI__lin_est	1000	50	4	213.31665873527527
