library	estimator	T	N	order	time
GCMI	GC	1000	50	3	6.686734437942505
GCMI	GC	1000	50	4	113.17065095901489
GCMI	GC	1000	50	5	1554.015912771225
