library	estimator	T	N	order	time
HOI	LIN-EST	1000	50	3	17.186988592147827
HOI	LIN-EST	1000	50	4	213.31665873527527
