library	estimator	T	N	order	time
NPEET	KSG	1000	30	3	27.491884231567383
NPEET	KSG	1000	30	4	308.37253427505493
NPEET	KSG	1000	30	5	2990.2725739479065
NPEET	KSG	1000	30	6	18458.426055908203
