n-plet	method	alpha	O-information
X1-X2-Zxor	JDIT	0.0	0.0022547217119291496
X1-X2-Zxor	JDIT	0.1	-0.01882286494750622
X1-X2-Zxor	JDIT	0.2	-0.07017832656397907
X1-X2-Zxor	JDIT	0.3	-0.14550810736937722
X1-X2-Zxor	JDIT	0.4	-0.2321642192069579
X1-X2-Zxor	JDIT	0.5	-0.32004340231761524
X1-X2-Zxor	JDIT	0.6	-0.39834528277778636
X1-X2-Zxor	JDIT	0.7	-0.4658296060537771
X1-X2-Zxor	JDIT	0.8	-0.5184438263485721
X1-X2-Zxor	JDIT	0.9	-0.5614346625715431
X1-X2-Zxor	JDIT	1.0	-0.5904614246234091
